{"statuses":[{"metadata":{"iso_language_code":"en","result_type":"recent"},"created_at":"Sun Dec 14 16:27:09 +0000 2014","id":544166716045934592,"id_str":"544166716045934592","text":"WrapBootstrap - Bootstrap Themes &amp; Templates https:\/\/t.co\/Ak8xPU019G \u0441 \u043f\u043e\u043c\u043e\u0449\u044c\u044e @wrapbootstrap","source":"\u003ca href=\"https:\/\/dev.twitter.com\/docs\/tfw\" rel=\"nofollow\"\u003eTwitter for Websites\u003c\/a\u003e","truncated":false,"in_reply_to_status_id":null,"in_reply_to_status_id_str":null,"in_reply_to_user_id":null,"in_reply_to_user_id_str":null,"in_reply_to_screen_name":null,"user":{"id":2168282246,"id_str":"2168282246","name":"Nik Bailo","screen_name":"alphabailo","location":"","profile_location":null,"description":"","url":null,"entities":{"description":{"urls":[]}},"protected":false,"followers_count":18,"friends_count":76,"listed_count":0,"created_at":"Fri Nov 01 11:27:24 +0000 2013","favourites_count":4,"utc_offset":7200,"time_zone":"Kyiv","geo_enabled":false,"verified":false,"statuses_count":23,"lang":"ru","contributors_enabled":false,"is_translator":false,"is_translation_enabled":false,"profile_background_color":"FFFFFF","profile_background_image_url":"http:\/\/pbs.twimg.com\/profile_background_images\/464075578442661889\/HvDJtR6W.jpeg","profile_background_image_url_https":"https:\/\/pbs.twimg.com\/profile_background_images\/464075578442661889\/HvDJtR6W.jpeg","profile_background_tile":false,"profile_image_url":"http:\/\/pbs.twimg.com\/profile_images\/378800000677665059\/131f89410e41bf4e7569e1714a42f093_normal.jpeg","profile_image_url_https":"https:\/\/pbs.twimg.com\/profile_images\/378800000677665059\/131f89410e41bf4e7569e1714a42f093_normal.jpeg","profile_banner_url":"https:\/\/pbs.twimg.com\/profile_banners\/2168282246\/1399383004","profile_link_color":"FF3300","profile_sidebar_border_color":"FFFFFF","profile_sidebar_fill_color":"DDEEF6","profile_text_color":"333333","profile_use_background_image":true,"default_profile":false,"default_profile_image":false,"following":false,"follow_request_sent":false,"notifications":false},"geo":null,"coordinates":null,"place":null,"contributors":null,"retweet_count":0,"favorite_count":0,"entities":{"hashtags":[],"symbols":[],"user_mentions":[{"screen_name":"wrapbootstrap","name":"WrapBootstrap","id":473498327,"id_str":"473498327","indices":[83,97]}],"urls":[{"url":"https:\/\/t.co\/Ak8xPU019G","expanded_url":"https:\/\/wrapbootstrap.com\/","display_url":"wrapbootstrap.com","indices":[49,72]}]},"favorited":false,"retweeted":false,"possibly_sensitive":false,"lang":"en"},{"metadata":{"iso_language_code":"en","result_type":"recent"},"created_at":"Sun Dec 14 15:59:54 +0000 2014","id":544159855926190080,"id_str":"544159855926190080","text":"WrapBootstrap - Bootstrap Themes &amp; Templates https:\/\/t.co\/DNz5XR9C8R via @wrapbootstrap","source":"\u003ca href=\"https:\/\/dev.twitter.com\/docs\/tfw\" rel=\"nofollow\"\u003eTwitter for Websites\u003c\/a\u003e","truncated":false,"in_reply_to_status_id":null,"in_reply_to_status_id_str":null,"in_reply_to_user_id":null,"in_reply_to_user_id_str":null,"in_reply_to_screen_name":null,"user":{"id":125889223,"id_str":"125889223","name":"Alejandro P\u00e9rez","screen_name":"Aleskalex","location":"Tandil","profile_location":null,"description":"Estudiante de Ingenier\u00eda en Sistemas de la Fac. de Cs. Exactas de la UNICEN (Tandil). Miembro de CUYS","url":"http:\/\/t.co\/8QU833YT0W","entities":{"url":{"urls":[{"url":"http:\/\/t.co\/8QU833YT0W","expanded_url":"http:\/\/www.cuys.com.ar","display_url":"cuys.com.ar","indices":[0,22]}]},"description":{"urls":[]}},"protected":false,"followers_count":131,"friends_count":126,"listed_count":5,"created_at":"Wed Mar 24 05:10:01 +0000 2010","favourites_count":16,"utc_offset":-10800,"time_zone":"Buenos Aires","geo_enabled":true,"verified":false,"statuses_count":328,"lang":"en","contributors_enabled":false,"is_translator":false,"is_translation_enabled":false,"profile_background_color":"000000","profile_background_image_url":"http:\/\/pbs.twimg.com\/profile_background_images\/103556744\/shining-colors-wide-wallpaper.jpg","profile_background_image_url_https":"https:\/\/pbs.twimg.com\/profile_background_images\/103556744\/shining-colors-wide-wallpaper.jpg","profile_background_tile":true,"profile_image_url":"http:\/\/pbs.twimg.com\/profile_images\/544160517959348225\/7T9PNHD__normal.jpeg","profile_image_url_https":"https:\/\/pbs.twimg.com\/profile_images\/544160517959348225\/7T9PNHD__normal.jpeg","profile_banner_url":"https:\/\/pbs.twimg.com\/profile_banners\/125889223\/1410573766","profile_link_color":"0084B4","profile_sidebar_border_color":"ADADAD","profile_sidebar_fill_color":"B8B8B8","profile_text_color":"363636","profile_use_background_image":true,"default_profile":false,"default_profile_image":false,"following":false,"follow_request_sent":false,"notifications":false},"geo":null,"coordinates":null,"place":null,"contributors":null,"retweet_count":0,"favorite_count":0,"entities":{"hashtags":[],"symbols":[],"user_mentions":[{"screen_name":"wrapbootstrap","name":"WrapBootstrap","id":473498327,"id_str":"473498327","indices":[77,91]}],"urls":[{"url":"https:\/\/t.co\/DNz5XR9C8R","expanded_url":"https:\/\/wrapbootstrap.com\/","display_url":"wrapbootstrap.com","indices":[49,72]}]},"favorited":false,"retweeted":false,"possibly_sensitive":false,"lang":"en"},{"metadata":{"iso_language_code":"en","result_type":"recent"},"created_at":"Sun Dec 14 10:05:07 +0000 2014","id":544070572892626944,"id_str":"544070572892626944","text":"WrapBootstrap - Bootstrap Themes &amp; Templates https:\/\/t.co\/hOGnazYh0D via @wrapbootstrap","source":"\u003ca href=\"https:\/\/dev.twitter.com\/docs\/tfw\" rel=\"nofollow\"\u003eTwitter for Websites\u003c\/a\u003e","truncated":false,"in_reply_to_status_id":null,"in_reply_to_status_id_str":null,"in_reply_to_user_id":null,"in_reply_to_user_id_str":null,"in_reply_to_screen_name":null,"user":{"id":269442419,"id_str":"269442419","name":"Leonel Machava","screen_name":"codentronix","location":"Mozambique","profile_location":null,"description":"I tinker with programming, electronics, microcontrollers and sensors.","url":"http:\/\/t.co\/kn9gWw60tR","entities":{"url":{"urls":[{"url":"http:\/\/t.co\/kn9gWw60tR","expanded_url":"http:\/\/codentronix.com","display_url":"codentronix.com","indices":[0,22]}]},"description":{"urls":[]}},"protected":false,"followers_count":40,"friends_count":73,"listed_count":0,"created_at":"Sun Mar 20 19:57:18 +0000 2011","favourites_count":0,"utc_offset":7200,"time_zone":"Pretoria","geo_enabled":false,"verified":false,"statuses_count":157,"lang":"en","contributors_enabled":false,"is_translator":false,"is_translation_enabled":false,"profile_background_color":"131516","profile_background_image_url":"http:\/\/abs.twimg.com\/images\/themes\/theme14\/bg.gif","profile_background_image_url_https":"https:\/\/abs.twimg.com\/images\/themes\/theme14\/bg.gif","profile_background_tile":true,"profile_image_url":"http:\/\/pbs.twimg.com\/profile_images\/1283255656\/logo_for_social_small_normal.png","profile_image_url_https":"https:\/\/pbs.twimg.com\/profile_images\/1283255656\/logo_for_social_small_normal.png","profile_link_color":"009999","profile_sidebar_border_color":"EEEEEE","profile_sidebar_fill_color":"EFEFEF","profile_text_color":"333333","profile_use_background_image":true,"default_profile":false,"default_profile_image":false,"following":false,"follow_request_sent":false,"notifications":false},"geo":null,"coordinates":null,"place":null,"contributors":null,"retweet_count":0,"favorite_count":0,"entities":{"hashtags":[],"symbols":[],"user_mentions":[{"screen_name":"wrapbootstrap","name":"WrapBootstrap","id":473498327,"id_str":"473498327","indices":[77,91]}],"urls":[{"url":"https:\/\/t.co\/hOGnazYh0D","expanded_url":"https:\/\/wrapbootstrap.com\/","display_url":"wrapbootstrap.com","indices":[49,72]}]},"favorited":false,"retweeted":false,"possibly_sensitive":false,"lang":"en"},{"metadata":{"iso_language_code":"en","result_type":"recent"},"created_at":"Sun Dec 14 09:29:27 +0000 2014","id":544061598625562625,"id_str":"544061598625562625","text":"WrapBootstrap - Bootstrap Themes &amp; Templates https:\/\/t.co\/FK4SQ50lTE lewat @wrapbootstrap","source":"\u003ca href=\"https:\/\/dev.twitter.com\/docs\/tfw\" rel=\"nofollow\"\u003eTwitter for Websites\u003c\/a\u003e","truncated":false,"in_reply_to_status_id":null,"in_reply_to_status_id_str":null,"in_reply_to_user_id":null,"in_reply_to_user_id_str":null,"in_reply_to_screen_name":null,"user":{"id":2772573384,"id_str":"2772573384","name":"Syamsul Anwar","screen_name":"msanwr","location":"Cianjur, Indonesia","profile_location":null,"description":"Aktor Japan Astagfirullah Video","url":"http:\/\/t.co\/2gUle6OFK6","entities":{"url":{"urls":[{"url":"http:\/\/t.co\/2gUle6OFK6","expanded_url":"http:\/\/msyamsul.com","display_url":"msyamsul.com","indices":[0,22]}]},"description":{"urls":[]}},"protected":false,"followers_count":1541,"friends_count":26,"listed_count":0,"created_at":"Wed Aug 27 07:25:10 +0000 2014","favourites_count":7,"utc_offset":25200,"time_zone":"Jakarta","geo_enabled":false,"verified":false,"statuses_count":43,"lang":"id","contributors_enabled":false,"is_translator":false,"is_translation_enabled":false,"profile_background_color":"C0DEED","profile_background_image_url":"http:\/\/abs.twimg.com\/images\/themes\/theme1\/bg.png","profile_background_image_url_https":"https:\/\/abs.twimg.com\/images\/themes\/theme1\/bg.png","profile_background_tile":false,"profile_image_url":"http:\/\/pbs.twimg.com\/profile_images\/508455483846316032\/oAXKFAfe_normal.jpeg","profile_image_url_https":"https:\/\/pbs.twimg.com\/profile_images\/508455483846316032\/oAXKFAfe_normal.jpeg","profile_link_color":"0084B4","profile_sidebar_border_color":"C0DEED","profile_sidebar_fill_color":"DDEEF6","profile_text_color":"333333","profile_use_background_image":true,"default_profile":true,"default_profile_image":false,"following":false,"follow_request_sent":false,"notifications":false},"geo":null,"coordinates":null,"place":null,"contributors":null,"retweet_count":0,"favorite_count":0,"entities":{"hashtags":[],"symbols":[],"user_mentions":[{"screen_name":"wrapbootstrap","name":"WrapBootstrap","id":473498327,"id_str":"473498327","indices":[79,93]}],"urls":[{"url":"https:\/\/t.co\/FK4SQ50lTE","expanded_url":"https:\/\/wrapbootstrap.com\/","display_url":"wrapbootstrap.com","indices":[49,72]}]},"favorited":false,"retweeted":false,"possibly_sensitive":false,"lang":"en"},{"metadata":{"iso_language_code":"ja","result_type":"recent"},"created_at":"Sun Dec 14 08:16:20 +0000 2014","id":544043195772829696,"id_str":"544043195772829696","text":"44\u4ef6\u306e\u30b3\u30e1\u30f3\u30c8 http:\/\/t.co\/j0UNwGp5Pk \u201cThemes for Twitter Bootstrap - WrapBootstrap\u201d http:\/\/t.co\/V2Kc4ZJY3e","source":"\u003ca href=\"http:\/\/www.hatena.ne.jp\/guide\/twitter\" rel=\"nofollow\"\u003eHatena\u003c\/a\u003e","truncated":false,"in_reply_to_status_id":null,"in_reply_to_status_id_str":null,"in_reply_to_user_id":null,"in_reply_to_user_id_str":null,"in_reply_to_screen_name":null,"user":{"id":281865027,"id_str":"281865027","name":"\u3059\u30fc","screen_name":"suubeniko","location":"\u672d\u5e4c\u30b7\u30c6\u30a3","profile_location":null,"description":"web\u4e2d\u5fc3\u306b\u8272\u3005\u3064\u304f\u308b\u30d2\u30c8\u3084\u3063\u3066\u307e\u3059\r\n\r\nx-gender\u3001\u4e2d\u6027\u3055\u3093\u3084\u3063\u3066\u307e\u3059\r\n\r\n\u30db\u30d3\u30c3\u30c8\u3084\u30b9\u30ca\u30d5\u30ad\u30f3\u306a\u611f\u3058\u51fa\u3057\u3066\u307e\u3059","url":null,"entities":{"description":{"urls":[]}},"protected":false,"followers_count":360,"friends_count":522,"listed_count":11,"created_at":"Thu Apr 14 03:42:51 +0000 2011","favourites_count":970,"utc_offset":32400,"time_zone":"Tokyo","geo_enabled":false,"verified":false,"statuses_count":13281,"lang":"en","contributors_enabled":false,"is_translator":false,"is_translation_enabled":false,"profile_background_color":"F048BB","profile_background_image_url":"http:\/\/pbs.twimg.com\/profile_background_images\/603808178\/x0ddbf195c7c14182314f5cfccab096c.png","profile_background_image_url_https":"https:\/\/pbs.twimg.com\/profile_background_images\/603808178\/x0ddbf195c7c14182314f5cfccab096c.png","profile_background_tile":true,"profile_image_url":"http:\/\/pbs.twimg.com\/profile_images\/510088142397796352\/_xnYWJj8_normal.jpeg","profile_image_url_https":"https:\/\/pbs.twimg.com\/profile_images\/510088142397796352\/_xnYWJj8_normal.jpeg","profile_banner_url":"https:\/\/pbs.twimg.com\/profile_banners\/281865027\/1376227370","profile_link_color":"333333","profile_sidebar_border_color":"FFFFFF","profile_sidebar_fill_color":"DDEEF6","profile_text_color":"E713F2","profile_use_background_image":true,"default_profile":false,"default_profile_image":false,"following":false,"follow_request_sent":false,"notifications":false},"geo":null,"coordinates":null,"place":null,"contributors":null,"retweet_count":0,"favorite_count":0,"entities":{"hashtags":[],"symbols":[],"user_mentions":[],"urls":[{"url":"http:\/\/t.co\/j0UNwGp5Pk","expanded_url":"http:\/\/b.hatena.ne.jp\/entry\/s\/wrapbootstrap.com\/#tw?u=susanne","display_url":"b.hatena.ne.jp\/entry\/s\/wrapbo\u2026","indices":[9,31]},{"url":"http:\/\/t.co\/V2Kc4ZJY3e","expanded_url":"http:\/\/htn.to\/xeYjhpTmQ","display_url":"htn.to\/xeYjhpTmQ","indices":[79,101]}]},"favorited":false,"retweeted":false,"possibly_sensitive":true,"lang":"ja"},{"metadata":{"iso_language_code":"en","result_type":"recent"},"created_at":"Sun Dec 14 07:03:07 +0000 2014","id":544024769797296128,"id_str":"544024769797296128","text":"@handpickedtheme I have a nice new bootstrap template STELLA SHOP\nhttps:\/\/t.co\/ZV6Pnh0JTq http:\/\/t.co\/mzCbDPlLdd","source":"\u003ca href=\"http:\/\/twitter.com\" rel=\"nofollow\"\u003eTwitter Web Client\u003c\/a\u003e","truncated":false,"in_reply_to_status_id":null,"in_reply_to_status_id_str":null,"in_reply_to_user_id":2799680040,"in_reply_to_user_id_str":"2799680040","in_reply_to_screen_name":"handpickedtheme","user":{"id":1353483451,"id_str":"1353483451","name":"Angelo Studio","screen_name":"angelo_studio","location":"Slovakia","profile_location":null,"description":"Web Design studio.\r\nSImple design is nice.","url":"http:\/\/t.co\/C66N309Rlp","entities":{"url":{"urls":[{"url":"http:\/\/t.co\/C66N309Rlp","expanded_url":"http:\/\/www.angelostudio.net","display_url":"angelostudio.net","indices":[0,22]}]},"description":{"urls":[]}},"protected":false,"followers_count":30,"friends_count":47,"listed_count":0,"created_at":"Mon Apr 15 04:44:26 +0000 2013","favourites_count":8,"utc_offset":3600,"time_zone":"Bratislava","geo_enabled":false,"verified":false,"statuses_count":44,"lang":"en","contributors_enabled":false,"is_translator":false,"is_translation_enabled":false,"profile_background_color":"C0DEED","profile_background_image_url":"http:\/\/pbs.twimg.com\/profile_background_images\/531328463869706240\/V20V9n_2.jpeg","profile_background_image_url_https":"https:\/\/pbs.twimg.com\/profile_background_images\/531328463869706240\/V20V9n_2.jpeg","profile_background_tile":false,"profile_image_url":"http:\/\/pbs.twimg.com\/profile_images\/3524080947\/4298c7121f2b0d97edabbf1f1201cd1f_normal.png","profile_image_url_https":"https:\/\/pbs.twimg.com\/profile_images\/3524080947\/4298c7121f2b0d97edabbf1f1201cd1f_normal.png","profile_banner_url":"https:\/\/pbs.twimg.com\/profile_banners\/1353483451\/1415513320","profile_link_color":"333333","profile_sidebar_border_color":"FFFFFF","profile_sidebar_fill_color":"DDEEF6","profile_text_color":"0084B4","profile_use_background_image":true,"default_profile":false,"default_profile_image":false,"following":false,"follow_request_sent":false,"notifications":false},"geo":null,"coordinates":null,"place":null,"contributors":null,"retweet_count":0,"favorite_count":0,"entities":{"hashtags":[],"symbols":[],"user_mentions":[{"screen_name":"handpickedtheme","name":"handpickedthemes.com","id":2799680040,"id_str":"2799680040","indices":[0,16]}],"urls":[{"url":"https:\/\/t.co\/ZV6Pnh0JTq","expanded_url":"https:\/\/wrapbootstrap.com\/theme\/stellashop-elegant-e-commerce-theme-WB0G5415F","display_url":"wrapbootstrap.com\/theme\/stellash\u2026","indices":[66,89]}],"media":[{"id":544024768630898688,"id_str":"544024768630898688","indices":[90,112],"media_url":"http:\/\/pbs.twimg.com\/media\/B4zDpQtCQAAY2Hk.png","media_url_https":"https:\/\/pbs.twimg.com\/media\/B4zDpQtCQAAY2Hk.png","url":"http:\/\/t.co\/mzCbDPlLdd","display_url":"pic.twitter.com\/mzCbDPlLdd","expanded_url":"http:\/\/twitter.com\/angelo_studio\/status\/544024769797296128\/photo\/1","type":"photo","sizes":{"thumb":{"w":150,"h":150,"resize":"crop"},"large":{"w":600,"h":375,"resize":"fit"},"medium":{"w":600,"h":375,"resize":"fit"},"small":{"w":340,"h":212,"resize":"fit"}}}]},"favorited":false,"retweeted":false,"possibly_sensitive":false,"lang":"en"},{"metadata":{"iso_language_code":"en","result_type":"recent"},"created_at":"Sun Dec 14 06:51:06 +0000 2014","id":544021748727816192,"id_str":"544021748727816192","text":"Flatify - Responsive Admin Web App https:\/\/t.co\/mwV679kXjm","source":"\u003ca href=\"https:\/\/dev.twitter.com\/docs\/tfw\" rel=\"nofollow\"\u003eTwitter for Websites\u003c\/a\u003e","truncated":false,"in_reply_to_status_id":null,"in_reply_to_status_id_str":null,"in_reply_to_user_id":null,"in_reply_to_user_id_str":null,"in_reply_to_screen_name":null,"user":{"id":2488734192,"id_str":"2488734192","name":"Shanmuga Rasu","screen_name":"SRasu","location":"Chennai","profile_location":null,"description":"","url":null,"entities":{"description":{"urls":[]}},"protected":false,"followers_count":27,"friends_count":194,"listed_count":0,"created_at":"Sat May 10 20:21:53 +0000 2014","favourites_count":0,"utc_offset":null,"time_zone":null,"geo_enabled":false,"verified":false,"statuses_count":4,"lang":"en","contributors_enabled":false,"is_translator":false,"is_translation_enabled":false,"profile_background_color":"C0DEED","profile_background_image_url":"http:\/\/abs.twimg.com\/images\/themes\/theme1\/bg.png","profile_background_image_url_https":"https:\/\/abs.twimg.com\/images\/themes\/theme1\/bg.png","profile_background_tile":false,"profile_image_url":"http:\/\/pbs.twimg.com\/profile_images\/536237989764935680\/iCxexKMX_normal.jpeg","profile_image_url_https":"https:\/\/pbs.twimg.com\/profile_images\/536237989764935680\/iCxexKMX_normal.jpeg","profile_banner_url":"https:\/\/pbs.twimg.com\/profile_banners\/2488734192\/1418453257","profile_link_color":"0084B4","profile_sidebar_border_color":"C0DEED","profile_sidebar_fill_color":"DDEEF6","profile_text_color":"333333","profile_use_background_image":true,"default_profile":true,"default_profile_image":false,"following":false,"follow_request_sent":false,"notifications":false},"geo":null,"coordinates":null,"place":null,"contributors":null,"retweet_count":0,"favorite_count":0,"entities":{"hashtags":[],"symbols":[],"user_mentions":[],"urls":[{"url":"https:\/\/t.co\/mwV679kXjm","expanded_url":"https:\/\/wrapbootstrap.com\/theme\/flatify-responsive-admin-web-app-WB0977873","display_url":"wrapbootstrap.com\/theme\/flatify-\u2026","indices":[35,58]}]},"favorited":false,"retweeted":false,"possibly_sensitive":false,"lang":"en"},{"metadata":{"iso_language_code":"und","result_type":"recent"},"created_at":"Sun Dec 14 06:26:05 +0000 2014","id":544015450745896961,"id_str":"544015450745896961","text":"RT @DMiller29649: #Ace : #Responsive #Bootstrap #Admin #Template...\nhttps:\/\/t.co\/6CCQTCT7U2","source":"\u003ca href=\"http:\/\/www.html5digest.com\" rel=\"nofollow\"\u003eHTML5 Digest Auto-Tweet\u003c\/a\u003e","truncated":false,"in_reply_to_status_id":null,"in_reply_to_status_id_str":null,"in_reply_to_user_id":null,"in_reply_to_user_id_str":null,"in_reply_to_screen_name":null,"user":{"id":2527913220,"id_str":"2527913220","name":"HTML5 Digest","screen_name":"HTML5Digest1","location":"Atlanta, Ga","profile_location":null,"description":"All things HTML5 brought to you by the team @blaccspotmedia.","url":"http:\/\/t.co\/BA7z8gqs5p","entities":{"url":{"urls":[{"url":"http:\/\/t.co\/BA7z8gqs5p","expanded_url":"http:\/\/www.blaccspot.com","display_url":"blaccspot.com","indices":[0,22]}]},"description":{"urls":[]}},"protected":false,"followers_count":7064,"friends_count":6552,"listed_count":316,"created_at":"Tue May 27 17:33:39 +0000 2014","favourites_count":0,"utc_offset":-18000,"time_zone":"Eastern Time (US & Canada)","geo_enabled":false,"verified":false,"statuses_count":228634,"lang":"en","contributors_enabled":false,"is_translator":false,"is_translation_enabled":false,"profile_background_color":"C0DEED","profile_background_image_url":"http:\/\/abs.twimg.com\/images\/themes\/theme1\/bg.png","profile_background_image_url_https":"https:\/\/abs.twimg.com\/images\/themes\/theme1\/bg.png","profile_background_tile":false,"profile_image_url":"http:\/\/pbs.twimg.com\/profile_images\/471371508489547776\/kEpgHiC9_normal.png","profile_image_url_https":"https:\/\/pbs.twimg.com\/profile_images\/471371508489547776\/kEpgHiC9_normal.png","profile_link_color":"0084B4","profile_sidebar_border_color":"C0DEED","profile_sidebar_fill_color":"DDEEF6","profile_text_color":"333333","profile_use_background_image":true,"default_profile":true,"default_profile_image":false,"following":false,"follow_request_sent":false,"notifications":false},"geo":null,"coordinates":null,"place":null,"contributors":null,"retweeted_status":{"metadata":{"iso_language_code":"und","result_type":"recent"},"created_at":"Sun Dec 14 06:25:41 +0000 2014","id":544015350237790208,"id_str":"544015350237790208","text":"#Ace : #Responsive #Bootstrap #Admin #Template...\nhttps:\/\/t.co\/6CCQTCT7U2","source":"\u003ca href=\"http:\/\/twitter.com\" rel=\"nofollow\"\u003eTwitter Web Client\u003c\/a\u003e","truncated":false,"in_reply_to_status_id":null,"in_reply_to_status_id_str":null,"in_reply_to_user_id":null,"in_reply_to_user_id_str":null,"in_reply_to_screen_name":null,"user":{"id":2491543962,"id_str":"2491543962","name":"\u0189\u00e5\u01b2\u012d\u0189 \u0271\u012d\u0141\u0141\u0247\u024d","screen_name":"DMiller29649","location":"Greenwood, South Carolina, USA","profile_location":null,"description":"\u26a1 Full-Time Husband \u26a1 Google Addict \u26a1 Web Designer \u26a1 Front-End Developer \u26a1 Coding junkie \u26a1 SEO \u26a1 Cats and Metal Lover \u26a1 Atheist  \u26a1 Proud Dummy \u26a1 #FuckFerguson","url":null,"entities":{"description":{"urls":[]}},"protected":false,"followers_count":214,"friends_count":471,"listed_count":19,"created_at":"Mon May 12 14:47:02 +0000 2014","favourites_count":423,"utc_offset":-14400,"time_zone":"Atlantic Time (Canada)","geo_enabled":false,"verified":false,"statuses_count":4002,"lang":"fr","contributors_enabled":false,"is_translator":false,"is_translation_enabled":false,"profile_background_color":"000000","profile_background_image_url":"http:\/\/pbs.twimg.com\/profile_background_images\/530981087523000320\/987rtuT5.jpeg","profile_background_image_url_https":"https:\/\/pbs.twimg.com\/profile_background_images\/530981087523000320\/987rtuT5.jpeg","profile_background_tile":false,"profile_image_url":"http:\/\/pbs.twimg.com\/profile_images\/539708417666203648\/PDq4qSAJ_normal.jpeg","profile_image_url_https":"https:\/\/pbs.twimg.com\/profile_images\/539708417666203648\/PDq4qSAJ_normal.jpeg","profile_banner_url":"https:\/\/pbs.twimg.com\/profile_banners\/2491543962\/1418362970","profile_link_color":"000000","profile_sidebar_border_color":"000000","profile_sidebar_fill_color":"000000","profile_text_color":"000000","profile_use_background_image":true,"default_profile":false,"default_profile_image":false,"following":false,"follow_request_sent":false,"notifications":false},"geo":null,"coordinates":null,"place":null,"contributors":null,"retweet_count":1,"favorite_count":0,"entities":{"hashtags":[{"text":"Ace","indices":[0,4]},{"text":"Responsive","indices":[7,18]},{"text":"Bootstrap","indices":[19,29]},{"text":"Admin","indices":[30,36]},{"text":"Template","indices":[37,46]}],"symbols":[],"user_mentions":[],"urls":[{"url":"https:\/\/t.co\/6CCQTCT7U2","expanded_url":"https:\/\/wrapbootstrap.com\/theme\/ace-responsive-admin-template-WB0B30DGR","display_url":"wrapbootstrap.com\/theme\/ace-resp\u2026","indices":[50,73]}]},"favorited":false,"retweeted":false,"possibly_sensitive":false,"lang":"und"},"retweet_count":1,"favorite_count":0,"entities":{"hashtags":[{"text":"Ace","indices":[18,22]},{"text":"Responsive","indices":[25,36]},{"text":"Bootstrap","indices":[37,47]},{"text":"Admin","indices":[48,54]},{"text":"Template","indices":[55,64]}],"symbols":[],"user_mentions":[{"screen_name":"DMiller29649","name":"\u0189\u00e5\u01b2\u012d\u0189 \u0271\u012d\u0141\u0141\u0247\u024d","id":2491543962,"id_str":"2491543962","indices":[3,16]}],"urls":[{"url":"https:\/\/t.co\/6CCQTCT7U2","expanded_url":"https:\/\/wrapbootstrap.com\/theme\/ace-responsive-admin-template-WB0B30DGR","display_url":"wrapbootstrap.com\/theme\/ace-resp\u2026","indices":[68,91]}]},"favorited":false,"retweeted":false,"possibly_sensitive":false,"lang":"und"},{"metadata":{"iso_language_code":"und","result_type":"recent"},"created_at":"Sun Dec 14 06:25:41 +0000 2014","id":544015350237790208,"id_str":"544015350237790208","text":"#Ace : #Responsive #Bootstrap #Admin #Template...\nhttps:\/\/t.co\/6CCQTCT7U2","source":"\u003ca href=\"http:\/\/twitter.com\" rel=\"nofollow\"\u003eTwitter Web Client\u003c\/a\u003e","truncated":false,"in_reply_to_status_id":null,"in_reply_to_status_id_str":null,"in_reply_to_user_id":null,"in_reply_to_user_id_str":null,"in_reply_to_screen_name":null,"user":{"id":2491543962,"id_str":"2491543962","name":"\u0189\u00e5\u01b2\u012d\u0189 \u0271\u012d\u0141\u0141\u0247\u024d","screen_name":"DMiller29649","location":"Greenwood, South Carolina, USA","profile_location":null,"description":"\u26a1 Full-Time Husband \u26a1 Google Addict \u26a1 Web Designer \u26a1 Front-End Developer \u26a1 Coding junkie \u26a1 SEO \u26a1 Cats and Metal Lover \u26a1 Atheist  \u26a1 Proud Dummy \u26a1 #FuckFerguson","url":null,"entities":{"description":{"urls":[]}},"protected":false,"followers_count":214,"friends_count":471,"listed_count":19,"created_at":"Mon May 12 14:47:02 +0000 2014","favourites_count":423,"utc_offset":-14400,"time_zone":"Atlantic Time (Canada)","geo_enabled":false,"verified":false,"statuses_count":4002,"lang":"fr","contributors_enabled":false,"is_translator":false,"is_translation_enabled":false,"profile_background_color":"000000","profile_background_image_url":"http:\/\/pbs.twimg.com\/profile_background_images\/530981087523000320\/987rtuT5.jpeg","profile_background_image_url_https":"https:\/\/pbs.twimg.com\/profile_background_images\/530981087523000320\/987rtuT5.jpeg","profile_background_tile":false,"profile_image_url":"http:\/\/pbs.twimg.com\/profile_images\/539708417666203648\/PDq4qSAJ_normal.jpeg","profile_image_url_https":"https:\/\/pbs.twimg.com\/profile_images\/539708417666203648\/PDq4qSAJ_normal.jpeg","profile_banner_url":"https:\/\/pbs.twimg.com\/profile_banners\/2491543962\/1418362970","profile_link_color":"000000","profile_sidebar_border_color":"000000","profile_sidebar_fill_color":"000000","profile_text_color":"000000","profile_use_background_image":true,"default_profile":false,"default_profile_image":false,"following":false,"follow_request_sent":false,"notifications":false},"geo":null,"coordinates":null,"place":null,"contributors":null,"retweet_count":1,"favorite_count":0,"entities":{"hashtags":[{"text":"Ace","indices":[0,4]},{"text":"Responsive","indices":[7,18]},{"text":"Bootstrap","indices":[19,29]},{"text":"Admin","indices":[30,36]},{"text":"Template","indices":[37,46]}],"symbols":[],"user_mentions":[],"urls":[{"url":"https:\/\/t.co\/6CCQTCT7U2","expanded_url":"https:\/\/wrapbootstrap.com\/theme\/ace-responsive-admin-template-WB0B30DGR","display_url":"wrapbootstrap.com\/theme\/ace-resp\u2026","indices":[50,73]}]},"favorited":false,"retweeted":false,"possibly_sensitive":false,"lang":"und"},{"metadata":{"iso_language_code":"en","result_type":"recent"},"created_at":"Sun Dec 14 05:41:27 +0000 2014","id":544004219334713344,"id_str":"544004219334713344","text":"RT @wrapbootstrap: New! Cube: https:\/\/t.co\/9KijDJkpuQ http:\/\/t.co\/ovCkrBHH7P","source":"\u003ca href=\"http:\/\/twitter.com\/download\/iphone\" rel=\"nofollow\"\u003eTwitter for iPhone\u003c\/a\u003e","truncated":false,"in_reply_to_status_id":null,"in_reply_to_status_id_str":null,"in_reply_to_user_id":null,"in_reply_to_user_id_str":null,"in_reply_to_screen_name":null,"user":{"id":602098955,"id_str":"602098955","name":"Sonya Koptyev","screen_name":"SonyaKoptyev","location":"","profile_location":null,"description":"","url":null,"entities":{"description":{"urls":[]}},"protected":false,"followers_count":352,"friends_count":256,"listed_count":21,"created_at":"Thu Jun 07 18:39:12 +0000 2012","favourites_count":802,"utc_offset":-28800,"time_zone":"Pacific Time (US & Canada)","geo_enabled":true,"verified":false,"statuses_count":1193,"lang":"en","contributors_enabled":false,"is_translator":false,"is_translation_enabled":false,"profile_background_color":"C0DEED","profile_background_image_url":"http:\/\/abs.twimg.com\/images\/themes\/theme1\/bg.png","profile_background_image_url_https":"https:\/\/abs.twimg.com\/images\/themes\/theme1\/bg.png","profile_background_tile":false,"profile_image_url":"http:\/\/pbs.twimg.com\/profile_images\/2288654137\/0rmvewd3vxhdzmrkqebt_normal.jpeg","profile_image_url_https":"https:\/\/pbs.twimg.com\/profile_images\/2288654137\/0rmvewd3vxhdzmrkqebt_normal.jpeg","profile_banner_url":"https:\/\/pbs.twimg.com\/profile_banners\/602098955\/1402714003","profile_link_color":"0084B4","profile_sidebar_border_color":"C0DEED","profile_sidebar_fill_color":"DDEEF6","profile_text_color":"333333","profile_use_background_image":true,"default_profile":true,"default_profile_image":false,"following":false,"follow_request_sent":false,"notifications":false},"geo":null,"coordinates":null,"place":null,"contributors":null,"retweeted_status":{"metadata":{"iso_language_code":"en","result_type":"recent"},"created_at":"Sun Dec 14 03:32:08 +0000 2014","id":543971675830624256,"id_str":"543971675830624256","text":"New! Cube: https:\/\/t.co\/9KijDJkpuQ http:\/\/t.co\/ovCkrBHH7P","source":"\u003ca href=\"http:\/\/twitter.com\" rel=\"nofollow\"\u003eTwitter Web Client\u003c\/a\u003e","truncated":false,"in_reply_to_status_id":null,"in_reply_to_status_id_str":null,"in_reply_to_user_id":null,"in_reply_to_user_id_str":null,"in_reply_to_screen_name":null,"user":{"id":473498327,"id_str":"473498327","name":"WrapBootstrap","screen_name":"wrapbootstrap","location":"Orange, CA","profile_location":null,"description":"Marketplace for premium Bootstrap themes and templates.","url":"https:\/\/t.co\/40q041b2Eo","entities":{"url":{"urls":[{"url":"https:\/\/t.co\/40q041b2Eo","expanded_url":"https:\/\/wrapbootstrap.com\/","display_url":"wrapbootstrap.com","indices":[0,23]}]},"description":{"urls":[]}},"protected":false,"followers_count":23630,"friends_count":0,"listed_count":227,"created_at":"Wed Jan 25 01:38:32 +0000 2012","favourites_count":191,"utc_offset":-28800,"time_zone":"Pacific Time (US & Canada)","geo_enabled":false,"verified":false,"statuses_count":799,"lang":"en","contributors_enabled":false,"is_translator":false,"is_translation_enabled":false,"profile_background_color":"111111","profile_background_image_url":"http:\/\/pbs.twimg.com\/profile_background_images\/444270270639910912\/X-WO3GaL.jpeg","profile_background_image_url_https":"https:\/\/pbs.twimg.com\/profile_background_images\/444270270639910912\/X-WO3GaL.jpeg","profile_background_tile":true,"profile_image_url":"http:\/\/pbs.twimg.com\/profile_images\/469357800917721088\/nNGcS7Lv_normal.png","profile_image_url_https":"https:\/\/pbs.twimg.com\/profile_images\/469357800917721088\/nNGcS7Lv_normal.png","profile_banner_url":"https:\/\/pbs.twimg.com\/profile_banners\/473498327\/1400738730","profile_link_color":"0069D6","profile_sidebar_border_color":"FFFFFF","profile_sidebar_fill_color":"DDEEF6","profile_text_color":"333333","profile_use_background_image":true,"default_profile":false,"default_profile_image":false,"following":true,"follow_request_sent":false,"notifications":false},"geo":null,"coordinates":null,"place":null,"contributors":null,"retweet_count":5,"favorite_count":8,"entities":{"hashtags":[],"symbols":[],"user_mentions":[],"urls":[{"url":"https:\/\/t.co\/9KijDJkpuQ","expanded_url":"https:\/\/wrapbootstrap.com\/theme\/cube-bootstrap-admin-theme-angularjs-WB008R559","display_url":"wrapbootstrap.com\/theme\/cube-boo\u2026","indices":[11,34]}],"media":[{"id":543971675306328064,"id_str":"543971675306328064","indices":[35,57],"media_url":"http:\/\/pbs.twimg.com\/media\/B4yTW0qCAAATrTa.png","media_url_https":"https:\/\/pbs.twimg.com\/media\/B4yTW0qCAAATrTa.png","url":"http:\/\/t.co\/ovCkrBHH7P","display_url":"pic.twitter.com\/ovCkrBHH7P","expanded_url":"http:\/\/twitter.com\/wrapbootstrap\/status\/543971675830624256\/photo\/1","type":"photo","sizes":{"thumb":{"w":150,"h":150,"resize":"crop"},"large":{"w":600,"h":375,"resize":"fit"},"medium":{"w":600,"h":375,"resize":"fit"},"small":{"w":340,"h":212,"resize":"fit"}}}]},"favorited":false,"retweeted":false,"possibly_sensitive":false,"lang":"en"},"retweet_count":5,"favorite_count":0,"entities":{"hashtags":[],"symbols":[],"user_mentions":[{"screen_name":"wrapbootstrap","name":"WrapBootstrap","id":473498327,"id_str":"473498327","indices":[3,17]}],"urls":[{"url":"https:\/\/t.co\/9KijDJkpuQ","expanded_url":"https:\/\/wrapbootstrap.com\/theme\/cube-bootstrap-admin-theme-angularjs-WB008R559","display_url":"wrapbootstrap.com\/theme\/cube-boo\u2026","indices":[30,53]}],"media":[{"id":543971675306328064,"id_str":"543971675306328064","indices":[54,76],"media_url":"http:\/\/pbs.twimg.com\/media\/B4yTW0qCAAATrTa.png","media_url_https":"https:\/\/pbs.twimg.com\/media\/B4yTW0qCAAATrTa.png","url":"http:\/\/t.co\/ovCkrBHH7P","display_url":"pic.twitter.com\/ovCkrBHH7P","expanded_url":"http:\/\/twitter.com\/wrapbootstrap\/status\/543971675830624256\/photo\/1","type":"photo","sizes":{"thumb":{"w":150,"h":150,"resize":"crop"},"large":{"w":600,"h":375,"resize":"fit"},"medium":{"w":600,"h":375,"resize":"fit"},"small":{"w":340,"h":212,"resize":"fit"}},"source_status_id":543971675830624256,"source_status_id_str":"543971675830624256","source_user_id":473498327,"source_user_id_str":"473498327"}]},"favorited":false,"retweeted":false,"possibly_sensitive":false,"lang":"en"},{"metadata":{"iso_language_code":"en","result_type":"recent"},"created_at":"Sun Dec 14 04:51:02 +0000 2014","id":543991531460259840,"id_str":"543991531460259840","text":"WrapBootstrap - Bootstrap Themes &amp; Templates https:\/\/t.co\/zIj8OI1NkP via @wrapbootstrap","source":"\u003ca href=\"https:\/\/dev.twitter.com\/docs\/tfw\" rel=\"nofollow\"\u003eTwitter for Websites\u003c\/a\u003e","truncated":false,"in_reply_to_status_id":null,"in_reply_to_status_id_str":null,"in_reply_to_user_id":null,"in_reply_to_user_id_str":null,"in_reply_to_screen_name":null,"user":{"id":48169711,"id_str":"48169711","name":"Byron Raines","screen_name":"byronraines","location":"North Carolina","profile_location":null,"description":"","url":null,"entities":{"description":{"urls":[]}},"protected":false,"followers_count":48,"friends_count":103,"listed_count":4,"created_at":"Wed Jun 17 23:57:09 +0000 2009","favourites_count":24,"utc_offset":null,"time_zone":null,"geo_enabled":false,"verified":false,"statuses_count":491,"lang":"en","contributors_enabled":false,"is_translator":false,"is_translation_enabled":false,"profile_background_color":"C0DEED","profile_background_image_url":"http:\/\/abs.twimg.com\/images\/themes\/theme1\/bg.png","profile_background_image_url_https":"https:\/\/abs.twimg.com\/images\/themes\/theme1\/bg.png","profile_background_tile":false,"profile_image_url":"http:\/\/pbs.twimg.com\/profile_images\/1181318743\/Byron_2_normal.jpg","profile_image_url_https":"https:\/\/pbs.twimg.com\/profile_images\/1181318743\/Byron_2_normal.jpg","profile_link_color":"0084B4","profile_sidebar_border_color":"C0DEED","profile_sidebar_fill_color":"DDEEF6","profile_text_color":"333333","profile_use_background_image":true,"default_profile":true,"default_profile_image":false,"following":false,"follow_request_sent":false,"notifications":false},"geo":null,"coordinates":null,"place":null,"contributors":null,"retweet_count":0,"favorite_count":0,"entities":{"hashtags":[],"symbols":[],"user_mentions":[{"screen_name":"wrapbootstrap","name":"WrapBootstrap","id":473498327,"id_str":"473498327","indices":[77,91]}],"urls":[{"url":"https:\/\/t.co\/zIj8OI1NkP","expanded_url":"https:\/\/wrapbootstrap.com\/","display_url":"wrapbootstrap.com","indices":[49,72]}]},"favorited":false,"retweeted":false,"possibly_sensitive":false,"lang":"en"},{"metadata":{"iso_language_code":"en","result_type":"recent"},"created_at":"Sun Dec 14 03:49:13 +0000 2014","id":543975975348740096,"id_str":"543975975348740096","text":"RT @wrapbootstrap: New! Cube: https:\/\/t.co\/9KijDJkpuQ http:\/\/t.co\/ovCkrBHH7P","source":"\u003ca href=\"http:\/\/simbasystems.com\" rel=\"nofollow\"\u003ejavascriptdigest\u003c\/a\u003e","truncated":false,"in_reply_to_status_id":null,"in_reply_to_status_id_str":null,"in_reply_to_user_id":null,"in_reply_to_user_id_str":null,"in_reply_to_screen_name":null,"user":{"id":2704581690,"id_str":"2704581690","name":"Javascript Digest","screen_name":"javascriptd","location":"Everywhere ","profile_location":null,"description":"Javascript Digest brought to you by http:\/\/t.co\/rHlyfe7p7r","url":null,"entities":{"description":{"urls":[{"url":"http:\/\/t.co\/rHlyfe7p7r","expanded_url":"http:\/\/SimbaSystems.com","display_url":"SimbaSystems.com","indices":[36,58]}]}},"protected":false,"followers_count":2274,"friends_count":4,"listed_count":160,"created_at":"Sun Aug 03 17:58:20 +0000 2014","favourites_count":127,"utc_offset":null,"time_zone":null,"geo_enabled":false,"verified":false,"statuses_count":186347,"lang":"en","contributors_enabled":false,"is_translator":false,"is_translation_enabled":false,"profile_background_color":"022330","profile_background_image_url":"http:\/\/abs.twimg.com\/images\/themes\/theme15\/bg.png","profile_background_image_url_https":"https:\/\/abs.twimg.com\/images\/themes\/theme15\/bg.png","profile_background_tile":false,"profile_image_url":"http:\/\/pbs.twimg.com\/profile_images\/544034757730779136\/-jOL7GnN_normal.jpeg","profile_image_url_https":"https:\/\/pbs.twimg.com\/profile_images\/544034757730779136\/-jOL7GnN_normal.jpeg","profile_link_color":"0084B4","profile_sidebar_border_color":"A8C7F7","profile_sidebar_fill_color":"C0DFEC","profile_text_color":"333333","profile_use_background_image":true,"default_profile":false,"default_profile_image":false,"following":false,"follow_request_sent":false,"notifications":false},"geo":null,"coordinates":null,"place":null,"contributors":null,"retweeted_status":{"metadata":{"iso_language_code":"en","result_type":"recent"},"created_at":"Sun Dec 14 03:32:08 +0000 2014","id":543971675830624256,"id_str":"543971675830624256","text":"New! Cube: https:\/\/t.co\/9KijDJkpuQ http:\/\/t.co\/ovCkrBHH7P","source":"\u003ca href=\"http:\/\/twitter.com\" rel=\"nofollow\"\u003eTwitter Web Client\u003c\/a\u003e","truncated":false,"in_reply_to_status_id":null,"in_reply_to_status_id_str":null,"in_reply_to_user_id":null,"in_reply_to_user_id_str":null,"in_reply_to_screen_name":null,"user":{"id":473498327,"id_str":"473498327","name":"WrapBootstrap","screen_name":"wrapbootstrap","location":"Orange, CA","profile_location":null,"description":"Marketplace for premium Bootstrap themes and templates.","url":"https:\/\/t.co\/40q041b2Eo","entities":{"url":{"urls":[{"url":"https:\/\/t.co\/40q041b2Eo","expanded_url":"https:\/\/wrapbootstrap.com\/","display_url":"wrapbootstrap.com","indices":[0,23]}]},"description":{"urls":[]}},"protected":false,"followers_count":23630,"friends_count":0,"listed_count":227,"created_at":"Wed Jan 25 01:38:32 +0000 2012","favourites_count":191,"utc_offset":-28800,"time_zone":"Pacific Time (US & Canada)","geo_enabled":false,"verified":false,"statuses_count":799,"lang":"en","contributors_enabled":false,"is_translator":false,"is_translation_enabled":false,"profile_background_color":"111111","profile_background_image_url":"http:\/\/pbs.twimg.com\/profile_background_images\/444270270639910912\/X-WO3GaL.jpeg","profile_background_image_url_https":"https:\/\/pbs.twimg.com\/profile_background_images\/444270270639910912\/X-WO3GaL.jpeg","profile_background_tile":true,"profile_image_url":"http:\/\/pbs.twimg.com\/profile_images\/469357800917721088\/nNGcS7Lv_normal.png","profile_image_url_https":"https:\/\/pbs.twimg.com\/profile_images\/469357800917721088\/nNGcS7Lv_normal.png","profile_banner_url":"https:\/\/pbs.twimg.com\/profile_banners\/473498327\/1400738730","profile_link_color":"0069D6","profile_sidebar_border_color":"FFFFFF","profile_sidebar_fill_color":"DDEEF6","profile_text_color":"333333","profile_use_background_image":true,"default_profile":false,"default_profile_image":false,"following":true,"follow_request_sent":false,"notifications":false},"geo":null,"coordinates":null,"place":null,"contributors":null,"retweet_count":5,"favorite_count":8,"entities":{"hashtags":[],"symbols":[],"user_mentions":[],"urls":[{"url":"https:\/\/t.co\/9KijDJkpuQ","expanded_url":"https:\/\/wrapbootstrap.com\/theme\/cube-bootstrap-admin-theme-angularjs-WB008R559","display_url":"wrapbootstrap.com\/theme\/cube-boo\u2026","indices":[11,34]}],"media":[{"id":543971675306328064,"id_str":"543971675306328064","indices":[35,57],"media_url":"http:\/\/pbs.twimg.com\/media\/B4yTW0qCAAATrTa.png","media_url_https":"https:\/\/pbs.twimg.com\/media\/B4yTW0qCAAATrTa.png","url":"http:\/\/t.co\/ovCkrBHH7P","display_url":"pic.twitter.com\/ovCkrBHH7P","expanded_url":"http:\/\/twitter.com\/wrapbootstrap\/status\/543971675830624256\/photo\/1","type":"photo","sizes":{"thumb":{"w":150,"h":150,"resize":"crop"},"large":{"w":600,"h":375,"resize":"fit"},"medium":{"w":600,"h":375,"resize":"fit"},"small":{"w":340,"h":212,"resize":"fit"}}}]},"favorited":false,"retweeted":false,"possibly_sensitive":false,"lang":"en"},"retweet_count":5,"favorite_count":0,"entities":{"hashtags":[],"symbols":[],"user_mentions":[{"screen_name":"wrapbootstrap","name":"WrapBootstrap","id":473498327,"id_str":"473498327","indices":[3,17]}],"urls":[{"url":"https:\/\/t.co\/9KijDJkpuQ","expanded_url":"https:\/\/wrapbootstrap.com\/theme\/cube-bootstrap-admin-theme-angularjs-WB008R559","display_url":"wrapbootstrap.com\/theme\/cube-boo\u2026","indices":[30,53]}],"media":[{"id":543971675306328064,"id_str":"543971675306328064","indices":[54,76],"media_url":"http:\/\/pbs.twimg.com\/media\/B4yTW0qCAAATrTa.png","media_url_https":"https:\/\/pbs.twimg.com\/media\/B4yTW0qCAAATrTa.png","url":"http:\/\/t.co\/ovCkrBHH7P","display_url":"pic.twitter.com\/ovCkrBHH7P","expanded_url":"http:\/\/twitter.com\/wrapbootstrap\/status\/543971675830624256\/photo\/1","type":"photo","sizes":{"thumb":{"w":150,"h":150,"resize":"crop"},"large":{"w":600,"h":375,"resize":"fit"},"medium":{"w":600,"h":375,"resize":"fit"},"small":{"w":340,"h":212,"resize":"fit"}},"source_status_id":543971675830624256,"source_status_id_str":"543971675830624256","source_user_id":473498327,"source_user_id_str":"473498327"}]},"favorited":false,"retweeted":false,"possibly_sensitive":false,"lang":"en"},{"metadata":{"iso_language_code":"en","result_type":"recent"},"created_at":"Sun Dec 14 03:37:13 +0000 2014","id":543972954951131136,"id_str":"543972954951131136","text":"RT @wrapbootstrap: New! Cube: https:\/\/t.co\/9KijDJkpuQ http:\/\/t.co\/ovCkrBHH7P","source":"\u003ca href=\"https:\/\/roundteam.co\" rel=\"nofollow\"\u003eRoundTeam\u003c\/a\u003e","truncated":false,"in_reply_to_status_id":null,"in_reply_to_status_id_str":null,"in_reply_to_user_id":null,"in_reply_to_user_id_str":null,"in_reply_to_screen_name":null,"user":{"id":219050293,"id_str":"219050293","name":"R. Javier Vega","screen_name":"rjaviervega","location":"Santiago & San Francisco","profile_location":null,"description":"CS@UCLA05. FrontEnd & #iOS Developer.  #JavaScript, #NodeJS, #EmberJS & #AngularJS. Founder @CosmmoInc","url":"http:\/\/t.co\/oowCgCG2nb","entities":{"url":{"urls":[{"url":"http:\/\/t.co\/oowCgCG2nb","expanded_url":"http:\/\/www.cosmmo.cl","display_url":"cosmmo.cl","indices":[0,22]}]},"description":{"urls":[]}},"protected":false,"followers_count":463,"friends_count":1326,"listed_count":72,"created_at":"Tue Nov 23 20:05:49 +0000 2010","favourites_count":16,"utc_offset":-14400,"time_zone":"Atlantic Time (Canada)","geo_enabled":true,"verified":false,"statuses_count":17354,"lang":"en","contributors_enabled":false,"is_translator":false,"is_translation_enabled":false,"profile_background_color":"EDECE9","profile_background_image_url":"http:\/\/abs.twimg.com\/images\/themes\/theme3\/bg.gif","profile_background_image_url_https":"https:\/\/abs.twimg.com\/images\/themes\/theme3\/bg.gif","profile_background_tile":false,"profile_image_url":"http:\/\/pbs.twimg.com\/profile_images\/1276556096\/rjaviervega_normal.jpg","profile_image_url_https":"https:\/\/pbs.twimg.com\/profile_images\/1276556096\/rjaviervega_normal.jpg","profile_link_color":"088253","profile_sidebar_border_color":"D3D2CF","profile_sidebar_fill_color":"E3E2DE","profile_text_color":"634047","profile_use_background_image":true,"default_profile":false,"default_profile_image":false,"following":false,"follow_request_sent":false,"notifications":false},"geo":null,"coordinates":null,"place":null,"contributors":null,"retweeted_status":{"metadata":{"iso_language_code":"en","result_type":"recent"},"created_at":"Sun Dec 14 03:32:08 +0000 2014","id":543971675830624256,"id_str":"543971675830624256","text":"New! Cube: https:\/\/t.co\/9KijDJkpuQ http:\/\/t.co\/ovCkrBHH7P","source":"\u003ca href=\"http:\/\/twitter.com\" rel=\"nofollow\"\u003eTwitter Web Client\u003c\/a\u003e","truncated":false,"in_reply_to_status_id":null,"in_reply_to_status_id_str":null,"in_reply_to_user_id":null,"in_reply_to_user_id_str":null,"in_reply_to_screen_name":null,"user":{"id":473498327,"id_str":"473498327","name":"WrapBootstrap","screen_name":"wrapbootstrap","location":"Orange, CA","profile_location":null,"description":"Marketplace for premium Bootstrap themes and templates.","url":"https:\/\/t.co\/40q041b2Eo","entities":{"url":{"urls":[{"url":"https:\/\/t.co\/40q041b2Eo","expanded_url":"https:\/\/wrapbootstrap.com\/","display_url":"wrapbootstrap.com","indices":[0,23]}]},"description":{"urls":[]}},"protected":false,"followers_count":23630,"friends_count":0,"listed_count":227,"created_at":"Wed Jan 25 01:38:32 +0000 2012","favourites_count":191,"utc_offset":-28800,"time_zone":"Pacific Time (US & Canada)","geo_enabled":false,"verified":false,"statuses_count":799,"lang":"en","contributors_enabled":false,"is_translator":false,"is_translation_enabled":false,"profile_background_color":"111111","profile_background_image_url":"http:\/\/pbs.twimg.com\/profile_background_images\/444270270639910912\/X-WO3GaL.jpeg","profile_background_image_url_https":"https:\/\/pbs.twimg.com\/profile_background_images\/444270270639910912\/X-WO3GaL.jpeg","profile_background_tile":true,"profile_image_url":"http:\/\/pbs.twimg.com\/profile_images\/469357800917721088\/nNGcS7Lv_normal.png","profile_image_url_https":"https:\/\/pbs.twimg.com\/profile_images\/469357800917721088\/nNGcS7Lv_normal.png","profile_banner_url":"https:\/\/pbs.twimg.com\/profile_banners\/473498327\/1400738730","profile_link_color":"0069D6","profile_sidebar_border_color":"FFFFFF","profile_sidebar_fill_color":"DDEEF6","profile_text_color":"333333","profile_use_background_image":true,"default_profile":false,"default_profile_image":false,"following":true,"follow_request_sent":false,"notifications":false},"geo":null,"coordinates":null,"place":null,"contributors":null,"retweet_count":5,"favorite_count":8,"entities":{"hashtags":[],"symbols":[],"user_mentions":[],"urls":[{"url":"https:\/\/t.co\/9KijDJkpuQ","expanded_url":"https:\/\/wrapbootstrap.com\/theme\/cube-bootstrap-admin-theme-angularjs-WB008R559","display_url":"wrapbootstrap.com\/theme\/cube-boo\u2026","indices":[11,34]}],"media":[{"id":543971675306328064,"id_str":"543971675306328064","indices":[35,57],"media_url":"http:\/\/pbs.twimg.com\/media\/B4yTW0qCAAATrTa.png","media_url_https":"https:\/\/pbs.twimg.com\/media\/B4yTW0qCAAATrTa.png","url":"http:\/\/t.co\/ovCkrBHH7P","display_url":"pic.twitter.com\/ovCkrBHH7P","expanded_url":"http:\/\/twitter.com\/wrapbootstrap\/status\/543971675830624256\/photo\/1","type":"photo","sizes":{"thumb":{"w":150,"h":150,"resize":"crop"},"large":{"w":600,"h":375,"resize":"fit"},"medium":{"w":600,"h":375,"resize":"fit"},"small":{"w":340,"h":212,"resize":"fit"}}}]},"favorited":false,"retweeted":false,"possibly_sensitive":false,"lang":"en"},"retweet_count":5,"favorite_count":0,"entities":{"hashtags":[],"symbols":[],"user_mentions":[{"screen_name":"wrapbootstrap","name":"WrapBootstrap","id":473498327,"id_str":"473498327","indices":[3,17]}],"urls":[{"url":"https:\/\/t.co\/9KijDJkpuQ","expanded_url":"https:\/\/wrapbootstrap.com\/theme\/cube-bootstrap-admin-theme-angularjs-WB008R559","display_url":"wrapbootstrap.com\/theme\/cube-boo\u2026","indices":[30,53]}],"media":[{"id":543971675306328064,"id_str":"543971675306328064","indices":[54,76],"media_url":"http:\/\/pbs.twimg.com\/media\/B4yTW0qCAAATrTa.png","media_url_https":"https:\/\/pbs.twimg.com\/media\/B4yTW0qCAAATrTa.png","url":"http:\/\/t.co\/ovCkrBHH7P","display_url":"pic.twitter.com\/ovCkrBHH7P","expanded_url":"http:\/\/twitter.com\/wrapbootstrap\/status\/543971675830624256\/photo\/1","type":"photo","sizes":{"thumb":{"w":150,"h":150,"resize":"crop"},"large":{"w":600,"h":375,"resize":"fit"},"medium":{"w":600,"h":375,"resize":"fit"},"small":{"w":340,"h":212,"resize":"fit"}},"source_status_id":543971675830624256,"source_status_id_str":"543971675830624256","source_user_id":473498327,"source_user_id_str":"473498327"}]},"favorited":false,"retweeted":false,"possibly_sensitive":false,"lang":"en"},{"metadata":{"iso_language_code":"en","result_type":"recent"},"created_at":"Sun Dec 14 03:36:48 +0000 2014","id":543972851012100096,"id_str":"543972851012100096","text":"RT @wrapbootstrap: New! Cube: https:\/\/t.co\/9KijDJkpuQ http:\/\/t.co\/ovCkrBHH7P","source":"\u003ca href=\"http:\/\/twitter.com\/download\/iphone\" rel=\"nofollow\"\u003eTwitter for iPhone\u003c\/a\u003e","truncated":false,"in_reply_to_status_id":null,"in_reply_to_status_id_str":null,"in_reply_to_user_id":null,"in_reply_to_user_id_str":null,"in_reply_to_screen_name":null,"user":{"id":14205128,"id_str":"14205128","name":"Arif Khan","screen_name":"Beyond925_Life","location":"Chicago - Trexin consulting","profile_location":null,"description":"Pursuit of high quality Software Craftsmanship","url":"http:\/\/t.co\/7CMJnosQjZ","entities":{"url":{"urls":[{"url":"http:\/\/t.co\/7CMJnosQjZ","expanded_url":"http:\/\/beyond925.blogspot.com","display_url":"beyond925.blogspot.com","indices":[0,22]}]},"description":{"urls":[]}},"protected":false,"followers_count":69,"friends_count":231,"listed_count":1,"created_at":"Mon Mar 24 03:00:09 +0000 2008","favourites_count":67,"utc_offset":-21600,"time_zone":"Central Time (US & Canada)","geo_enabled":true,"verified":false,"statuses_count":1055,"lang":"en","contributors_enabled":false,"is_translator":false,"is_translation_enabled":false,"profile_background_color":"C0DEED","profile_background_image_url":"http:\/\/abs.twimg.com\/images\/themes\/theme1\/bg.png","profile_background_image_url_https":"https:\/\/abs.twimg.com\/images\/themes\/theme1\/bg.png","profile_background_tile":false,"profile_image_url":"http:\/\/pbs.twimg.com\/profile_images\/3764704055\/0306e8ac9b3155cfddd6f2fee986f8dd_normal.jpeg","profile_image_url_https":"https:\/\/pbs.twimg.com\/profile_images\/3764704055\/0306e8ac9b3155cfddd6f2fee986f8dd_normal.jpeg","profile_banner_url":"https:\/\/pbs.twimg.com\/profile_banners\/14205128\/1391659249","profile_link_color":"0084B4","profile_sidebar_border_color":"C0DEED","profile_sidebar_fill_color":"DDEEF6","profile_text_color":"333333","profile_use_background_image":true,"default_profile":true,"default_profile_image":false,"following":false,"follow_request_sent":false,"notifications":false},"geo":null,"coordinates":null,"place":null,"contributors":null,"retweeted_status":{"metadata":{"iso_language_code":"en","result_type":"recent"},"created_at":"Sun Dec 14 03:32:08 +0000 2014","id":543971675830624256,"id_str":"543971675830624256","text":"New! Cube: https:\/\/t.co\/9KijDJkpuQ http:\/\/t.co\/ovCkrBHH7P","source":"\u003ca href=\"http:\/\/twitter.com\" rel=\"nofollow\"\u003eTwitter Web Client\u003c\/a\u003e","truncated":false,"in_reply_to_status_id":null,"in_reply_to_status_id_str":null,"in_reply_to_user_id":null,"in_reply_to_user_id_str":null,"in_reply_to_screen_name":null,"user":{"id":473498327,"id_str":"473498327","name":"WrapBootstrap","screen_name":"wrapbootstrap","location":"Orange, CA","profile_location":null,"description":"Marketplace for premium Bootstrap themes and templates.","url":"https:\/\/t.co\/40q041b2Eo","entities":{"url":{"urls":[{"url":"https:\/\/t.co\/40q041b2Eo","expanded_url":"https:\/\/wrapbootstrap.com\/","display_url":"wrapbootstrap.com","indices":[0,23]}]},"description":{"urls":[]}},"protected":false,"followers_count":23630,"friends_count":0,"listed_count":227,"created_at":"Wed Jan 25 01:38:32 +0000 2012","favourites_count":191,"utc_offset":-28800,"time_zone":"Pacific Time (US & Canada)","geo_enabled":false,"verified":false,"statuses_count":799,"lang":"en","contributors_enabled":false,"is_translator":false,"is_translation_enabled":false,"profile_background_color":"111111","profile_background_image_url":"http:\/\/pbs.twimg.com\/profile_background_images\/444270270639910912\/X-WO3GaL.jpeg","profile_background_image_url_https":"https:\/\/pbs.twimg.com\/profile_background_images\/444270270639910912\/X-WO3GaL.jpeg","profile_background_tile":true,"profile_image_url":"http:\/\/pbs.twimg.com\/profile_images\/469357800917721088\/nNGcS7Lv_normal.png","profile_image_url_https":"https:\/\/pbs.twimg.com\/profile_images\/469357800917721088\/nNGcS7Lv_normal.png","profile_banner_url":"https:\/\/pbs.twimg.com\/profile_banners\/473498327\/1400738730","profile_link_color":"0069D6","profile_sidebar_border_color":"FFFFFF","profile_sidebar_fill_color":"DDEEF6","profile_text_color":"333333","profile_use_background_image":true,"default_profile":false,"default_profile_image":false,"following":true,"follow_request_sent":false,"notifications":false},"geo":null,"coordinates":null,"place":null,"contributors":null,"retweet_count":5,"favorite_count":8,"entities":{"hashtags":[],"symbols":[],"user_mentions":[],"urls":[{"url":"https:\/\/t.co\/9KijDJkpuQ","expanded_url":"https:\/\/wrapbootstrap.com\/theme\/cube-bootstrap-admin-theme-angularjs-WB008R559","display_url":"wrapbootstrap.com\/theme\/cube-boo\u2026","indices":[11,34]}],"media":[{"id":543971675306328064,"id_str":"543971675306328064","indices":[35,57],"media_url":"http:\/\/pbs.twimg.com\/media\/B4yTW0qCAAATrTa.png","media_url_https":"https:\/\/pbs.twimg.com\/media\/B4yTW0qCAAATrTa.png","url":"http:\/\/t.co\/ovCkrBHH7P","display_url":"pic.twitter.com\/ovCkrBHH7P","expanded_url":"http:\/\/twitter.com\/wrapbootstrap\/status\/543971675830624256\/photo\/1","type":"photo","sizes":{"thumb":{"w":150,"h":150,"resize":"crop"},"large":{"w":600,"h":375,"resize":"fit"},"medium":{"w":600,"h":375,"resize":"fit"},"small":{"w":340,"h":212,"resize":"fit"}}}]},"favorited":false,"retweeted":false,"possibly_sensitive":false,"lang":"en"},"retweet_count":5,"favorite_count":0,"entities":{"hashtags":[],"symbols":[],"user_mentions":[{"screen_name":"wrapbootstrap","name":"WrapBootstrap","id":473498327,"id_str":"473498327","indices":[3,17]}],"urls":[{"url":"https:\/\/t.co\/9KijDJkpuQ","expanded_url":"https:\/\/wrapbootstrap.com\/theme\/cube-bootstrap-admin-theme-angularjs-WB008R559","display_url":"wrapbootstrap.com\/theme\/cube-boo\u2026","indices":[30,53]}],"media":[{"id":543971675306328064,"id_str":"543971675306328064","indices":[54,76],"media_url":"http:\/\/pbs.twimg.com\/media\/B4yTW0qCAAATrTa.png","media_url_https":"https:\/\/pbs.twimg.com\/media\/B4yTW0qCAAATrTa.png","url":"http:\/\/t.co\/ovCkrBHH7P","display_url":"pic.twitter.com\/ovCkrBHH7P","expanded_url":"http:\/\/twitter.com\/wrapbootstrap\/status\/543971675830624256\/photo\/1","type":"photo","sizes":{"thumb":{"w":150,"h":150,"resize":"crop"},"large":{"w":600,"h":375,"resize":"fit"},"medium":{"w":600,"h":375,"resize":"fit"},"small":{"w":340,"h":212,"resize":"fit"}},"source_status_id":543971675830624256,"source_status_id_str":"543971675830624256","source_user_id":473498327,"source_user_id_str":"473498327"}]},"favorited":false,"retweeted":false,"possibly_sensitive":false,"lang":"en"},{"metadata":{"iso_language_code":"en","result_type":"recent"},"created_at":"Sun Dec 14 03:32:09 +0000 2014","id":543971679178076161,"id_str":"543971679178076161","text":"RT @wrapbootstrap: New! Cube: https:\/\/t.co\/9KijDJkpuQ http:\/\/t.co\/ovCkrBHH7P","source":"\u003ca href=\"http:\/\/ameanmagazine.blogspot.com\" rel=\"nofollow\"\u003eA Mean Magazine Bot\u003c\/a\u003e","truncated":false,"in_reply_to_status_id":null,"in_reply_to_status_id_str":null,"in_reply_to_user_id":null,"in_reply_to_user_id_str":null,"in_reply_to_screen_name":null,"user":{"id":2585287004,"id_str":"2585287004","name":"Mean Magazine Bot","screen_name":"ameanmbot","location":"","profile_location":null,"description":"Non curated list of relevant tweets about the MEAN stack. For a curated one visit @ameanmagazine","url":"http:\/\/t.co\/HUvLnC0qar","entities":{"url":{"urls":[{"url":"http:\/\/t.co\/HUvLnC0qar","expanded_url":"http:\/\/www.ameanmagazine.com","display_url":"ameanmagazine.com","indices":[0,22]}]},"description":{"urls":[]}},"protected":false,"followers_count":1028,"friends_count":1,"listed_count":101,"created_at":"Tue Jun 24 07:14:01 +0000 2014","favourites_count":93,"utc_offset":null,"time_zone":null,"geo_enabled":false,"verified":false,"statuses_count":102824,"lang":"en","contributors_enabled":false,"is_translator":false,"is_translation_enabled":false,"profile_background_color":"C0DEED","profile_background_image_url":"http:\/\/abs.twimg.com\/images\/themes\/theme1\/bg.png","profile_background_image_url_https":"https:\/\/abs.twimg.com\/images\/themes\/theme1\/bg.png","profile_background_tile":false,"profile_image_url":"http:\/\/pbs.twimg.com\/profile_images\/481334978161029120\/iu3zZFEk_normal.png","profile_image_url_https":"https:\/\/pbs.twimg.com\/profile_images\/481334978161029120\/iu3zZFEk_normal.png","profile_banner_url":"https:\/\/pbs.twimg.com\/profile_banners\/2585287004\/1403594236","profile_link_color":"0084B4","profile_sidebar_border_color":"C0DEED","profile_sidebar_fill_color":"DDEEF6","profile_text_color":"333333","profile_use_background_image":true,"default_profile":true,"default_profile_image":false,"following":false,"follow_request_sent":false,"notifications":false},"geo":null,"coordinates":null,"place":null,"contributors":null,"retweeted_status":{"metadata":{"iso_language_code":"en","result_type":"recent"},"created_at":"Sun Dec 14 03:32:08 +0000 2014","id":543971675830624256,"id_str":"543971675830624256","text":"New! Cube: https:\/\/t.co\/9KijDJkpuQ http:\/\/t.co\/ovCkrBHH7P","source":"\u003ca href=\"http:\/\/twitter.com\" rel=\"nofollow\"\u003eTwitter Web Client\u003c\/a\u003e","truncated":false,"in_reply_to_status_id":null,"in_reply_to_status_id_str":null,"in_reply_to_user_id":null,"in_reply_to_user_id_str":null,"in_reply_to_screen_name":null,"user":{"id":473498327,"id_str":"473498327","name":"WrapBootstrap","screen_name":"wrapbootstrap","location":"Orange, CA","profile_location":null,"description":"Marketplace for premium Bootstrap themes and templates.","url":"https:\/\/t.co\/40q041b2Eo","entities":{"url":{"urls":[{"url":"https:\/\/t.co\/40q041b2Eo","expanded_url":"https:\/\/wrapbootstrap.com\/","display_url":"wrapbootstrap.com","indices":[0,23]}]},"description":{"urls":[]}},"protected":false,"followers_count":23630,"friends_count":0,"listed_count":227,"created_at":"Wed Jan 25 01:38:32 +0000 2012","favourites_count":191,"utc_offset":-28800,"time_zone":"Pacific Time (US & Canada)","geo_enabled":false,"verified":false,"statuses_count":799,"lang":"en","contributors_enabled":false,"is_translator":false,"is_translation_enabled":false,"profile_background_color":"111111","profile_background_image_url":"http:\/\/pbs.twimg.com\/profile_background_images\/444270270639910912\/X-WO3GaL.jpeg","profile_background_image_url_https":"https:\/\/pbs.twimg.com\/profile_background_images\/444270270639910912\/X-WO3GaL.jpeg","profile_background_tile":true,"profile_image_url":"http:\/\/pbs.twimg.com\/profile_images\/469357800917721088\/nNGcS7Lv_normal.png","profile_image_url_https":"https:\/\/pbs.twimg.com\/profile_images\/469357800917721088\/nNGcS7Lv_normal.png","profile_banner_url":"https:\/\/pbs.twimg.com\/profile_banners\/473498327\/1400738730","profile_link_color":"0069D6","profile_sidebar_border_color":"FFFFFF","profile_sidebar_fill_color":"DDEEF6","profile_text_color":"333333","profile_use_background_image":true,"default_profile":false,"default_profile_image":false,"following":true,"follow_request_sent":false,"notifications":false},"geo":null,"coordinates":null,"place":null,"contributors":null,"retweet_count":5,"favorite_count":8,"entities":{"hashtags":[],"symbols":[],"user_mentions":[],"urls":[{"url":"https:\/\/t.co\/9KijDJkpuQ","expanded_url":"https:\/\/wrapbootstrap.com\/theme\/cube-bootstrap-admin-theme-angularjs-WB008R559","display_url":"wrapbootstrap.com\/theme\/cube-boo\u2026","indices":[11,34]}],"media":[{"id":543971675306328064,"id_str":"543971675306328064","indices":[35,57],"media_url":"http:\/\/pbs.twimg.com\/media\/B4yTW0qCAAATrTa.png","media_url_https":"https:\/\/pbs.twimg.com\/media\/B4yTW0qCAAATrTa.png","url":"http:\/\/t.co\/ovCkrBHH7P","display_url":"pic.twitter.com\/ovCkrBHH7P","expanded_url":"http:\/\/twitter.com\/wrapbootstrap\/status\/543971675830624256\/photo\/1","type":"photo","sizes":{"thumb":{"w":150,"h":150,"resize":"crop"},"large":{"w":600,"h":375,"resize":"fit"},"medium":{"w":600,"h":375,"resize":"fit"},"small":{"w":340,"h":212,"resize":"fit"}}}]},"favorited":false,"retweeted":false,"possibly_sensitive":false,"lang":"en"},"retweet_count":5,"favorite_count":0,"entities":{"hashtags":[],"symbols":[],"user_mentions":[{"screen_name":"wrapbootstrap","name":"WrapBootstrap","id":473498327,"id_str":"473498327","indices":[3,17]}],"urls":[{"url":"https:\/\/t.co\/9KijDJkpuQ","expanded_url":"https:\/\/wrapbootstrap.com\/theme\/cube-bootstrap-admin-theme-angularjs-WB008R559","display_url":"wrapbootstrap.com\/theme\/cube-boo\u2026","indices":[30,53]}],"media":[{"id":543971675306328064,"id_str":"543971675306328064","indices":[54,76],"media_url":"http:\/\/pbs.twimg.com\/media\/B4yTW0qCAAATrTa.png","media_url_https":"https:\/\/pbs.twimg.com\/media\/B4yTW0qCAAATrTa.png","url":"http:\/\/t.co\/ovCkrBHH7P","display_url":"pic.twitter.com\/ovCkrBHH7P","expanded_url":"http:\/\/twitter.com\/wrapbootstrap\/status\/543971675830624256\/photo\/1","type":"photo","sizes":{"thumb":{"w":150,"h":150,"resize":"crop"},"large":{"w":600,"h":375,"resize":"fit"},"medium":{"w":600,"h":375,"resize":"fit"},"small":{"w":340,"h":212,"resize":"fit"}},"source_status_id":543971675830624256,"source_status_id_str":"543971675830624256","source_user_id":473498327,"source_user_id_str":"473498327"}]},"favorited":false,"retweeted":false,"possibly_sensitive":false,"lang":"en"}],"search_metadata":{"completed_in":0.034,"max_id":544166716045934592,"max_id_str":"544166716045934592","next_results":"?max_id=543971679178076160&q=wrapbootstrap&include_entities=1","query":"wrapbootstrap","refresh_url":"?since_id=544166716045934592&q=wrapbootstrap&include_entities=1","count":15,"since_id":0,"since_id_str":"0"}}